Convex Optimization,Portfolio Optimization,https://www.solver.com/risk-solver-platform
Convex Optimization,Portfolio Optimization,https://en.wikipedia.org/wiki/Multi-objective_optimization
Convex Optimization,Portfolio Optimization,https://en.wikipedia.org/wiki/Utility
Convex Optimization,Portfolio Optimization,https://www.mathworks.com/discovery.html?s_tid=all_disc_mw_ff
Convex Optimization,Portfolio Optimization,https://en.wikipedia.org/wiki/Financial_economics
Convex Optimization,Portfolio Optimization,https://en.wikipedia.org/wiki/Elastic_net_regularization
Convex Optimization,Portfolio Optimization,https://web.stanford.edu/~boyd/papers.html
Convex Optimization,Portfolio Optimization,https://www.solver.com/solver-sdk-platform
Convex Optimization,Portfolio Optimization,https://www.solver.com/optimization-solutions-investment-and-portfolio-management-examples
Convex Optimization,Portfolio Optimization,https://www.solver.com/examples-optimization-problems
